{
	"partitions" : [
		{
			"name" : "Top",
			"pins" : [
				{
					"name" : "y",
					"strict" : false
				},
				{
					"name" : "x3",
					"strict" : false
				},
				{
					"name" : "x2",
					"strict" : false
				},
				{
					"name" : "s[0]",
					"strict" : false
				},
				{
					"name" : "s[2]",
					"strict" : false
				},
				{
					"name" : "x1",
					"strict" : false
				},
				{
					"name" : "x0",
					"strict" : false
				},
				{
					"name" : "s[1]",
					"strict" : false
				},
				{
					"name" : "x7",
					"strict" : false
				},
				{
					"name" : "x6",
					"strict" : false
				},
				{
					"name" : "x5",
					"strict" : false
				},
				{
					"name" : "x4",
					"strict" : false
				}
			]
		}
	]
}